{"Alloc":1075736,"BuckHashSys":3844,"Frees":158952,"GCCPUFraction":0.00000450001351361256,"GCSys":4506424,"HeapAlloc":1075736,"HeapIdle":5832704,"HeapInuse":1933312,"HeapObjects":11363,"HeapReleased":4710400,"HeapSys":7766016,"LastGC":1642409130192609000,"Lookups":4,"MCacheInuse":9600,"MCacheSys":16384,"MSpanInuse":89352,"MSpanSys":131072,"Mallocs":170315,"NextGC":4194304,"NumForcedGC":21,"NumGC":6,"OtherSys":1587412,"PauseTotalNs":3063211,"PollCount":82810,"RandomValue":0.45015392507594826,"StackInuse":622592,"StackSys":622592,"Sys":14633744,"TotalAlloc":13092160}
