{"Alloc":2100768,"BuckHashSys":3844,"Frees":287429,"GCCPUFraction":0.0000018597163994473681,"GCSys":4541264,"HeapAlloc":2100768,"HeapIdle":5144576,"HeapInuse":2752512,"HeapObjects":26483,"HeapReleased":4669440,"HeapSys":7897088,"LastGC":1642357461271075000,"Lookups":40,"MCacheInuse":4800,"MCacheSys":16384,"MSpanInuse":81056,"MSpanSys":114688,"Mallocs":313912,"NextGC":4194304,"NumForcedGC":52,"NumGC":12,"OtherSys":553148,"PauseTotalNs":2085485,"PollCount":60095,"RandomValue":0.7837430530219855,"StackInuse":458752,"StackSys":458752,"Sys":13585168,"TotalAlloc":24078256}
